aurellux|a pearl-furred hare with broad translucent prism ears and tiny gold hoof tips, crouching on four compact legs|prism skip|dawn bound
haloceros|a stocky ivory rhinoceros with a rotating ring of sunlight around its single crystal horn|halo ram|daybreak charge
lucentail|a long-tailed ribbon ferret with luminous opal whiskers and a fan-shaped tail of thin glass scales|glimmer curl|opal lash
solivane|a graceful mechanical heron with brass sundial wings, slender porcelain legs and a radiant circular chest|dial peck|zenith sweep
chandelisk|a walking crystal chandelier creature with six articulated silver legs and a crown of glowing teardrop gems|pendant tap|crystal cascade
beamlark|a plump songbird with transparent throat feathers, a golden tuning-fork crest and three tail plumes|chime note|resonant dawn
luxodile|a low-slung crocodilian made of frosted sea glass with warm light shining through its tiled back|glass snap|sunband tumble
prismantis|a tall mantis with folded triangular stained-glass forearms and fine gold jointed antennae|spectrum cut|rainbow shear
sunspindle|a floating spinning-top creature with an amber glass body, ivory spokes and a curious central eye|spindle flick|solar pirouette
aurorook|a stout owl with a translucent disk-shaped face and feathers shaped like pastel aurora ribbons|veil flutter|polar gleam
luminettle|a round hovering medusa with seven slender light-fiber tendrils and a pearl bell containing a star|fiber sting|star pulse
opticorn|a tiny one-horned beetle with a polished lens shell and delicate six-legged silhouette|lens jab|focused beam
vellucian|an upright velvet-robed creature with a soft masklike face and sleeves filled with floating golden motes|mote brush|luminous embrace
solmothic|a broad-winged moth with cream velvet fur and geometric gold windows in its wings|dust shimmer|window blaze
citrilume|a cheerful citrus-shaped creature with segmented translucent skin, leaflike fins and four pale feet|zest flash|citrine burst
heliotter|a sleek otter with a floating gold hoop around its waist and sunlit ripples along its fur|hoop strike|ripple radiance
mirravel|a tall silver-backed turtle with a domed mosaic mirror shell and small soft ivory limbs|mirror bump|reflected ray
lucidrum|a stout drum-bodied golem with parchment skin, two padded arms and luminous vibrating drumheads|rhythm tap|chorus flare
opalora|a slender antelope with branching opal horns and small suspended rings between the horn tines|opal thrust|crown refraction
suncleft|a living geode split into two hovering halves around a warm white core, balanced above three stone feet|geode chip|core sunrise
phosphene|a tiny round-eyed sprite with a translucent floating body and long trails of pastel afterimages|afterimage dart|vision bloom
daylilyth|a six-petaled ivory flower creature with a small leonine face and muscular leafy front paws|petal glint|corolla beam
spectrill|a striped lizard with a prism-shaped dorsal sail, silver claws and vividly refracted shadow|sail shimmer|spectrum surge
glimmora|a gentle ray-shaped sky creature with broad milky wings and a constellation of gold pores|wing glisten|sky lantern
lucibell|a walking porcelain handbell with two curved legs and a bright pearl eye inside its hollow mouth|bell tap|pearl peal
sundapple|a spotted tapir with soft cream fur and circular patches that glow like reflected sunlight|dapple nudge|sunspot stamp
iridell|a long-necked glass swan with layered rainbow-edged feathers and a curved ivory bill|iridescent peck|glass overture
lanthalo|a small round lantern-bodied quadruped with a woven brass cage and friendly crescent eyes|cage clink|lantern swell
photolisk|a squat amphibian with bulbous camera-lens eyes, pearly skin and a collar of tiny reflective disks|shutter blink|aperture blast
lustrarch|a floating archway creature of polished limestone with a single central face and dangling gold tassels|keystone gleam|threshold dawn
solfeather|a broad-tailed peacock whose fan resembles a sunrise of thin mother-of-pearl panels|fan flick|daylight display
glassnail|a tiny snail with a spiral magnifying-glass shell and glowing gold feelers|spiral glint|magnified ray
raydillo|a curled armadillo with ivory armor bands separated by bright beams and a broad translucent tail|beam tuck|radiant tumble
chromalyn|a supple feline with white fur and jewel-shaped floating spots tracing its flanks|color claw|chromatic pounce
helionaut|a round explorer creature with a clear globe head, brass boots and a small star suspended in its chest|orbit step|sunward leap
lumequill|a short porcupine with soft pearl fur and fan-shaped quills of frosted luminous glass|quill sparkle|prismatic volley
clarivox|a tall trumpet-headed creature with flexible gold limbs and a translucent throat glowing with music|brass call|clarion ray
sunscallop|a hinged shell creature with radial amber ribs, bright little eyes and two broad ivory feet|shell clap|scalloped flash
alabright|a sturdy alabaster bear with luminous seams, rounded paws and a gold crescent over its brow|marble swat|ivory radiance
fresnell|a hovering disk creature made of concentric glass lens rings around a lively amber eye|ring tilt|beacon focus
lucirope|a playful creature formed from one thick braided rope of light tied into a four-legged body|braid whip|luster knot
solpaca|a woolly alpaca with cloud-white fleece, long golden eyelashes and a radiant disk woven through its neck fur|fleece flare|golden canter
pearliant|a giant pearl-bodied ant with six thin champagne-gold legs and a transparent abdomen|pearl nip|colony shimmer
lumenlace|a hovering lace-winged sprite with an ivory seed-shaped torso and delicate luminous filigree arms|filigree flick|lacework flare
azurora|a squat star-nosed mole with pale blue fur and a glowing crown of tiny sunrise crystals|crystal dig|burrow beacon
luxotaur|a compact bull-headed guardian with broad white shoulders, a glass chestplate and gently curved gold horns|horn glint|radiant bulwark
dawnimbus|a buoyant cloud-bodied creature with long ribbon arms, gold-lined cheeks and a soft sun-shaped belly|cloud pat|morning burst
refractyl|a long-fingered gecko with clear gem pads, pale skin and a faceted transparent head crest|facet grip|splitbeam spring
luminova|a tiny starfish-shaped sky creature with five thick opal arms and a curious gold eye|star twirl|nova ripple
saffronel|a graceful crane with saffron-gold plumes, long dark legs and a ring of floating white petals|plume glint|saffron sweep
prismule|a sturdy mule with stained-glass ears, an ivory coat and a cluster of crystals along its brow|facet kick|prism gallop
hologruff|a shaggy goat with translucent curling horns and layered luminous outlines following its body|echo butt|hologram rush
gleamander|a broad-headed salamander with pearl gills, gold freckles and a softly glowing belly|freckle flash|gill radiance
suncog|a round clockwork crab with a central sun-face disk, eight brass legs and two small mirrored claws|gear pinch|clockface flare
orielith|a winged stone gargoyle with luminous stained-glass windows across its folded chest and gentle square features|window wink|oriel beam
luxafold|a living origami pangolin with pearl-paper scales, short gold feet and folded star ears|paper flick|folded sunrise
halomure|a ring-tailed lemur with ivory fur, golden hands and a hovering halo following its curled tail|halo swipe|golden vault
daymora|a slow-floating seahorse-shaped creature with a translucent opal spine and a crown of morning rays|spine shimmer|dawn spiral
luciplume|a tiny feather-bodied creature with two bright eyes and a long curved golden quill for a tail|quill stroke|plume brilliance
sungravel|a chunky pebble creature with five stubby legs and a bright molten-gold heart visible through quartz windows|quartz knock|heartlight quake
candivane|a pinwheel-winged insect with a pearl thorax and four broad translucent gold blades|blade glint|pinwheel ray
solopod|a round octopod with eight short ivory arms and a glowing sun-shaped mantle|arm flicker|eightfold gleam
iridawn|a slender fox with a split rainbow-glass tail and cream fur brushed with soft pastel highlights|tail prism|horizon dash
beacorn|a small acorn-shaped guardian with a frosted crystal body, gold cap and two mitten-shaped hands|cap tap|beacon seed
luxibex|a mountain ibex with massive ridged crystal horns, white wool and tiny suspended sunbeads|ridge jab|summit shine
vesperlite|a floating lantern flower with an amber center, six translucent petals and a long trailing gold root|petal lantern|evening glimmer
solacant|a armored ancient fish-shaped air creature with pearl plates and broad fins like gilded fans|fan fin|ancestral ray
lumisoothe|a round sloth with pale plush fur, luminous cheek patches and long curved opal claws|gentle glint|serene flare
prismora|a tall mushroom-shaped construct with a faceted glass cap, porcelain stem and three slender legs|cap refract|crystal canopy
halowisp|a hovering spiral of ivory ribbons circling a small gold mask with bright oval eyes|ribbon arc|spiral brilliance
rayvern|a two-legged winged reptile with frosted glass membranes and a golden keel along its chest|wing glint|sunward swoop
glimmurn|a walking ceremonial urn of pearl ceramic with curled gold handles and a radiant face beneath its lid|handle hook|vessel glow
lustrabbit|a tiny rounded rabbit with ears shaped like silver spoons reflecting warm sunlight|silver hop|luster leap
clarigon|a faceted crystal dragonfly with four broad optical wings and a body of linked luminous beads|bead dart|optical sweep
solstitch|a stitched linen guardian with buttonlike gold eyes and seams filled with soft sunlight|thread glimmer|woven dawn
aurelope|a nimble three-horned antelope with cream fur, mirrored knee plates and a radiant fan at its throat|mirror bound|auric rush
luminacre|a broad clamlike creature with mother-of-pearl armor, four padded feet and a warm luminous central orb|nacre clap|pearl horizon
pharowl|a tall lighthouse-headed owl with round glass windows, cream wings and small brass feet|beacon blink|lighthouse sweep
daygliss|a smooth gliding slug with an ivory body, gold-edged translucent fins and two luminous feelers|glissade glint|suntrail surge
solarium|a floating greenhouse-shaped crystal creature with leafy gold tendrils inside and four ivory root legs|glass tremor|sunroom blaze
